{
    "name": "My jobs", 
    "creator": "My jobs", 
    "framework_version": "1.7.6 e5b39c50d196", 
    "background_scripts": [
        "main.js"
    ], 
    "version": "0.0.9", 
    "framework_package_id": "dev", 
    "browser_button": {
        "caption": "My jobs", 
        "icon": "icons/button.png", 
        "popup": {
            "url": "popup.html", 
            "width": 500, 
            "height": 220
        }, 
        "tooltipText": "My jobs"
    }, 
    "id": "ddlgokmcbghelgphmdemahlmkojamjgi", 
    "description": "My jobs"
}